{"intents": [
  {"tag": "greetings",
  "patterns": ["hello","hey","hi","good day","Greetings","what's up?","how is it going?"],
  "responses": ["Hello!","Good day!","What can I do for you?"]
  },

  {"tag": "name",
  "patterns": ["what is your name","name","what's your name","who are you","what should I call you"],
  "responses": ["You can call me Bingbot","I'm Bingbot","I'm Bingbot your virtual assistant"]
  },

  {"tag": "mission",
  "patterns": ["what is the mission of Bingham University"],
  "responses": ["The mission of Bingham: Is to produce graduates that have both knowledge and skills for self-reliance in the fear of Christ"]
  },

   {"tag": "vision",
  "patterns": ["what is the vision of Bingham University"],
  "responses": ["The vision of Bingham: To be a World-Class Conventional University in a Christ-centered environment."]
  },

  {"tag": "courses",
  "patterns": ["what courses are available","courses","how many courses are there in this college"],
  "responses": ["Medicine and surgery"," Medical Laboratory Science","Psychology","Physiology","Biochemistry","Economics","Industrial Chemistry","physics","Religious Studies","English and Literary Studies","Philosophy","Guidance and Counseling","Quantity Surveying","Environmental Management","Public Health"," Estate Management","Architecture","Landscape Architecture","Nursing","optometry","Radiology","Anatomy","Law","Accounting","Information technology","Computer science","Cyber security","Business administration","Entrepreneurship","Mass communication","Micro biology","Pharmacy","Public health","Political science","Mathematics","Sociology"]
  },

  {"tag": "viceChancellor",
  "patterns": ["who is the current VC of Bingham University"],
  "responses": ["Prof. Haruna Kuje Ayuba"]
  },

  {"tag": "library",
  "patterns": ["does Bingham University have a library","is there a library in bingham university","library"],
  "responses": ["of course yes, Bingham University has a fully equipped library"]
  },

  {"tag": "onlineCourses",
  "patterns": ["does Bingham University offer online courses","can i apply to bingham university as an online student","can i study online"],
  "responses": ["Absolutely not, all Bingham University courses are offered on-site "]
  },

  {"tag": "onlineAdmission",
  "patterns": ["can i apply to Bingham University online"],
  "responses": ["yes you can","Absolutely","both online and in-person application are considered the same. here is the link to apply for admission: https://binghamuni.edu.ng/apply"]
  },

  {"tag": "collegeOrUniversity",
  "patterns": ["is Bingham University a college or a university","is Bingham University a college","is Bingham University a college","college/university"],
  "responses": ["Bingham University operate as both a college and a university"]
  },

   {"tag": "year",
  "patterns": ["what year was bingham university establishes","what year did bingham start operating"],
  "responses": ["Bingham University was established in Nigeria in 2005","2005"]
  },

   {"tag": "courseDuration",
  "patterns": ["how long is a Bachelor degree", "how long will it take to complete a Bachelor degree"],
  "responses": ["Our college offers 4 year long Bachelor degree courses and 5-6 year long courses."]
  },

  {"tag": "trousers",
    "patterns": ["are trousers allowed","trouser","are jeans trousers allowed in bingham university"],
    "responses": ["Trousers are not allowed in Bingham University","Jean trousers are not allowed in Bingham University"]
  },

  {"tag": "postgraduate",
  "patterns": ["is there postgraduate programs","does bingham university have postgraduate programs","postgraduate"],
  "responses": ["there are about 80 postgraduate programs in Bingham University: check out the programs via this link."]
  },

  {"tag": "privateSchool",
  "patterns": ["is bingham university a private school","is bingham university a faith base private university","private school"],
  "responses": ["Bingham University is a faith-based private university owned by Evangelical Church Winning All (ECWA) in 2005"]
  },

  {"tag": "scholarships",
  "patterns": ["does bingham university offer full scholarships","is there scholarships programs in bingham university","scholarship"],
  "responses": ["yes! Bingham University offers scholarships to ECWA members (You can contanct the University directly for more inquiries via 07068615119,07065092268,07064483649."]
  },

  {"tag": "chapelHours",
  "patterns": ["what are the time for chapel in bingham university","chapel","what time is the sunday service at bingham university","time for chapels in bingham university","chapel hours in bingham university"],
  "responses": ["Bingham has two chapel hours weekly which includes mondays and wednesdays by 12am weekly and it is compulsory for both staffs and students of Bingham University and 8am for sunday service every sundays."]
  },

  {"tag": "bestFood",
  "patterns": ["what food does the students of bingham university eat the most ","what is the most consumed food in bingham university"],
  "responses": ["from my survey, it is safe to say Okpa is the most consumed food by the students of Bingham University."]
  },

  {"tag": "foodPrice",
  "patterns": ["what is the price of food like in bingham university","food","price of food","how much does a plate of food in bingham cost"],
  "responses": ["A plate of food in Bingham University cost proximally 600 naira."]
  },

   {"tag": "cgpa",
  "patterns": ["what is cgpa in bingham university","cgpa","how does bingham university calculate cgpa","how can i calculate my cgpa "],
  "responses": ["CGPA stands for cumulative ."]
  },

  {"tag": "senateBuilding",
  "patterns": ["where is the bingham university senate building","senate building","how can i find the bingham university senate building"],
  "responses": ["unfortunately! i am not able to clearly answers your question..... ."]
  },

   {"tag": "gradingSystems",
  "patterns": ["what is the grading systems in bingham university","grading system"],
  "responses": ["from 100-70 is A,69-60 is B.,59-40 is C, 39-30 is D and any thing blow 30 is F"]
  },

  {"tag": "offCampus",
  "patterns": ["can student live off campus","it is optional for students to live in campus","can students live outside the university campus","is it compulsory for students to stay in the hostel","can i live off campus"],
  "responses": ["certainly not, in Bingham University it is compulsory for all students to stay in campus, except otherwise"]
  },

  {"tag": "hairLength",
    "patterns": ["are long and coloured hair allowed in Bingham University","hair", "are long hair allowed", "are coloured hair allowed"],
    "responses": ["No, long and coloured hair are not allowed in Bingham University.", "long hair are not allowed", "coloured hair are not allowed"]
  },

   {"tag": "Location",
  "patterns": ["location","where is it located","what is the location of the college"],
  "responses": ["Bingham University, P.M.B 005, KM 26 Abuja-Keffi Expressway Kodope, Karu, Nasarawa State., Abuja, Abuja, Federal Capital Territory ."]
  },

  {"tag": "dressCode",
  "patterns": ["what is the dress code in bingham university","dress code for girls","dress code for boys"],
  "responses": ["the dress code for Bingham University includes a corporate attire, a cover corporate shoes or sandals, 6 inches skirt below the kneel, suit skirt,blouse,native dresses, which must not be sleeveless tight or transparent for girls and native attires, suit shirts, trousers and cover shoes or sandals for boys"]
  },

  {"tag": "hostel",
  "patterns": ["how many hostel are in  bingham university establishes","hostel"],
  "responses": ["Bingham University has different residences for students: Old boys hostels-New boys hostel, Old girls hostels-new girls hostels"]
  },

  {"tag": "hostelFee",
  "patterns": ["how much is new hostel","hostel fee","new hostel","old hostel","how much is old hostel"],
  "responses": ["The new hostel is eighty thousand naira while old hostel is 50,000 thousand naira from the school fee/tuition"]
  },

  {"tag": "semesters",
  "patterns": ["how many semesters are there in a year","how many semesters one should study in a year"],
  "responses": ["There are two semesters in a year."]
  },

  {"tag": "phones",
  "patterns": ["are phones allowed in bingham university","phones","are phone allowed"],
  "responses": ["certainly not, but laptops and tablets are allowed."]
  },

  {"tag": "security",
  "patterns": ["does bingham university have security","security","are there securities in bingham university"],
  "responses": ["of course yes, Bingham University has a 24/hrs security."]
  },

  {"tag": "abuja, nasarawa",
  "patterns": ["is bingham university in nasarawa state or abuja","is bingham university in abuja or in nasarawa state"],
  "responses": ["Bingham University is in Nasarawa state."]
  },

  {"tag": "lightOut",
  "patterns": ["does bingham university have light outs","is there light out in bingham university","curfew","light out","when does the light out start"],
  "responses": ["yes, there is light out and it starts by 10:00pm to 5:00am."]
  },

  {"tag": "contacts",
  "patterns": ["how can i contact the university","the univefsity email","the university phone number","how can i reach out to the university"],
  "responses": ["through the University official Website: https://binghamuni.edu.ng/v2/ \nvia phone number:+234 803 290 7644"]
  },

   {"tag": "viceChancellorContact",
  "patterns": ["how can i contact the bingham university vice chancellor","vice chancellor address","vice chancellor email","vice chancellor phone number"],
  "responses": ["here is the contact information of Bingham University vice chancellor: \nYour Message\nMessage\nThe Vice Chancellor\nBingham University\nP.M.B 005,\nKM 26 Abuja-Keffi Expressway Kodope,\nKaru, Nasarawa State.\nE-mail: vc@binghamuni.edu.ng\nPhone: 09061616567."]
  },

  {"tag": "registrar",
  "patterns": ["who is the registrar of bingham university have security","registrar"],
  "responses": ["Dr.(Mrs) Esther J. Dyaji"]
  },

  {"tag": "ecwa",
  "patterns": ["which church own bingham university?","ecwa","when was bingham university established?","in what year was bingham university started"],
  "responses": ["Bingham University is a private university founded by the Evangelical Church Winning All (ECWA) in 2005"]
  },

  {"tag": "semDuration",
  "patterns": ["how many months are there in a semester","how long will be a single semester"],
  "responses": ["The single semester will be around 4 months."]
  },

  {"tag": "complaint",
  "patterns": ["how can i complain about my technical failure","complaints","i encounter a problem while","i have an issues with...","my admission portal","how can i report my issues"],
  "responses": ["I suggest to contact any of the followings regarding your admission complaints: For technical enquiries and complaints, contact: registrar@binghamuni.edu.ng, webmster@binghamuni.edu.ng, systemadmin@binghamuni.edu.ng, 09013670234, with the following details: RRR No. First name, last name, amount, your phone number, and the details of the problem(s) encountered.."]
  },

   {"tag": "screening",
  "patterns": ["how is the screening like","screening","requirement for the screening","venue for the screening","how long will be the screening be"],
  "responses": ["Screening commences at 9 a.m. prompt on screening days.\n\nVenue for the screening is: Bingham University, Permanent Site, KM 26 Abuja-Keffi Express way, Kodape (Auta Balefi) New Karu, Nasarawa State.."]
  },

  {"tag": "screeningRequirements",
  "patterns": ["what should i bring along during my interview","interview","screening requirement","what should i bring for my screening","are phone allowed"],
  "responses": ["Candidates are required to bring along the following: Originals and Photocopies of their O' Level and A' Level results\n2023 UTME result slip\n2 passport size photographs\nEvidence of the change of institution and payment receipt or teller\nPlease note that Direct Entry (DE) Candidates are also required to bring their registration form printout."]
  },

  {"tag": "admissionProcess",
  "patterns": ["how can i apply for admission to bingham university","admission","what are the steps to apply for admission in bingham university","how to apply for admisson"],
  "responses": ["Click the \"Form submission\" button.\nPrint a hard copy of the submitted forms.\nSubmit the hard copy to the Academic Office on or before the screening day.\nNote that candidates are required to submit the following along with their admission forms:\nCharacter Assessment Form obtained online,Applicant's Confidential Report obtained online,Guidance and Counseling Form obtained onlineUTME/DE Screening Assessment Form obtained online\nThe guidelines for registration can be found on the University's website: www.binghamuni.edu.ng/admission."]
  },

  {"tag": "studentRequirements",
  "patterns": ["what are the student requirements for admission","entry requirements","admission requirements"],
  "responses": ["All candidates must have taken the 2023/2024 UTME Examination and obtained a minimum score of 150.,The minimum qualification for Degree programmes is five (5) O/Level Credits in relevant subjects, including Mathematics and English at not more than two (2) sittings.\n\nEnglish Proficiency\nthe student must have attain a secondary certificate\nApply for admission to the university: https://binghamuni.edu.ng/apply\n"]
  },

   {"tag": "directEntry",
  "patterns": ["does bingham university offer admission to direct entry students","admission requirement for direct entry students","direct entry","can i apply to bingham university as a direct entry student"],
  "responses": ["of course yes","Bingham University offers admission to direct entry students", "You can apply to Bingham University as a direct entry student."]
  },

   {"tag": "directEntryAdmission",
  "patterns": ["how can i apply to bingham university as a direct entry student ","direct entry admission","link to apply bingham university as a direct entry student"],
  "responses": ["Direct Entry admission candidates must have completed JAMB Direct Entry form, obtained five (5) relevant O/Level Credits including Mathematics and English at not more than two (2) sittings and an A/Level result (IJMB, National Diploma with a minimum of Lower Credit and Cambridge A/Levels result).."]
  },

  {"tag": "classes",
  "patterns": ["how many classes will be there in a day","how long are the classes?"],
  "responses": ["There may be two or three classes per day. Each class will be of 2 hour and 1 hour."]
  },

   {"tag": "postgraduate",
  "patterns": ["does bingham university offer postgraduate program","postgraduate","how can i apply for a postgraduate program?"],
  "responses": ["check out this link: https://pgadmission.binghamuni.edu.ng/."]
  },

  {"tag": "departmentalColour",
  "patterns": ["are there departmental colours in the college?","department colours?","what is the department colour?"],
  "responses": ["law: white and black","Nursing: scoffs", "Accounting: blue and black","Radiology: brown scoff"]
  },

  {"tag": "exams",
  "patterns": ["what are the exams like?","What is the exam pattern"],
  "responses": ["There are assignments which carry more weight than your written exams. The assignments have deadlines which you should not exceed if you want to get better marks."]
  },

  {"tag": "openHours",
  "patterns": ["what are your hours","when are you guys open","what your hours of operation"],
  "responses": ["You can message us here at any hours. But our college premises will be open from 8:00 am to 4:00 pm only."]
  },

  {"tag": "funActivities",
  "patterns": ["will there be any extra curriculum activities?","does the college conducts any fun program"],
  "responses": ["Yes, Of course. Our college not only provides excellent education but also encourage students to take part in different curriculum activities. The college conducts yearly programs like Sports meet, Departmental dinners, Holi festival, and Christmas. \n Also our college has basketball court, badminton court, table tennis, and many more refreshment zones."]
  },

  {"tag": "cafeteria",
  "patterns": ["what are the names of cafeterias in bingham university establishes","cafeteria"],
  "responses": ["The student central cafeteria(BigCaf), Eko-fresh, Ngozika, Omega, SS special, Nabis among others"]
  },

  {"tag": "sport",
  "patterns": ["does bingham university have sport","sport","what sport are available","what can i wear during sport","what time is the sport"],
  "responses": ["The university has sporting facilities and students are encourage to engage in any of the sporting activities. Available sports includes: Football, Volleyball, Basketball, Badminton, Lawn Tennis, and many other indoor games. All sporting activities starts by 4:00pm to 7:00pm weekly and 6:30am to 9:00am on Saturday. Girls are allowed to wear trousers for sporting activities"]
  },

  {"tag": "chapel",
    "patterns": ["Is chapel compulsory for everyone","chapel","is chapel optional","is going for chapel in Bingham University compulsory"],
    "responses": ["Yes, chapel in Bingham University is compulsory","Not going for chapel can attract two weeks suspension"]
  },

  {"tags": "cooking",
    "patterns":["is cooking allowed in bingham university","cooking","are students allowed to cook"],
    "responses":["Certainly Not, cooking is not allowed in Bingham University"]
  },

  {"tag": "facilities",
  "patterns": ["what facilities are provided by the college?","what are the facilities of college for students", "what are the college infrastructures "],
  "responses": ["With excellent education facilities, Our College provides various other facilities like 24 hours internet, library, classes with AC and comfortable seats for learning, canteen, parking space, comfortable accommodations for every student, and student service for any students queries."]
  },

  {"tag": "tuitionFee",
    "patterns": ["how much is the school fees for bingham university","school fee","tuition","how much is the college fee", "what is the fee structure"],
    "responses": ["Here is a link to view the fees: https://binghamuni.edu.ng/v2/schedule-of-fees"]
  },

   {"tags": "partTimeStudents",
    "patterns":["does bingham university admit part time students","part time","can i apply to bingham university as a part time student"],
    "responses":["Certainly yes,Bingham University offers admission for part time education"]
  },

   {"tag": "partTimeTuitionFee",
    "patterns": ["how much is the tuition fee for part time students","how much is the school fees for part time students in bingham university", "what is the fee structure"],
    "responses": ["Here is a link to view the fees: https://binghamuni.edu.ng/v2/part-time-fees"]
  },

  {"tag": "goodbye",
  "patterns": ["cya","See you later","Goodbye","I am leaving","Have a Good Day","bye","see ya"],
  "responses": ["feel free to ask more questions:(","have a nice day","Goodbye"]
  },

  {"tag": "invalid",
    "patterns": ["","gvsd","asbhk"],
    "responses": ["Sorry, can't understand you","you can contact the admin staffs directly for more info:  systemadmin@binghamuni.edu.ng", "Please give me more info", "Not sure I understand"]
  },

  {"tag": "thanks",
    "patterns": ["Thanks", "Thank you", "That's helpful", "Awesome, thanks", "Thanks for helping me"],
    "responses": ["Happy to help!", "Any time!", "My pleasure"]
  }
]}